Participant,WM_Load,RT,Acc,PhysicalActivity
OA_01,L1',0.832655,97,Low
OA_02,L1',0.6495495,95,Low
OA_03,L1',0.6994695,100,High
OA_04,L1',0.9407625,97,Low
OA_05,L1',0.832687,95,Low
OA_06,L1',1.0155615,100,Low
OA_07,L1',0.974106,90,High
OA_08,L1',0.6079555,98,Low
OA_09,L1',0.8659045,98,High
OA_10,L1',0.9490635,98,High
OA_11,L1',0.716146,99,Low
OA_12,L1',1.082245,99,High
OA_13,L1',0.799587,100,Low
OA_14,L1',0.666212,99,High
OA_15,L1',1.1106685,100,Low
OA_16,L1',0.81601,95,High
OA_17,L1',0.932535,93,Low
OA_18,L1',0.766048,99,High
OA_19,L1',0.658045,99,Low
OA_20,L1',0.682794,97,High
OA_21,L1',0.7826785,93,Low
OA_22,L1',0.516486,100,High
OA_23,L1',0.6662365,96,High
OA_24,L1',0.9325015,93,High
OA_25,L1',0.8992935,95,High
OA_26,L1',1.3319065,94,Low
OA_27,L1',1.0573825,100,High
OA_28,L1',1.0407705,100,Low
OA_29,L1',0.5829845,97,High
OA_30,L1',0.6329865,94,Low
OA_01,L3',1.057289,97,Low
OA_02,L3',0.8160265,99,Low
OA_03,L3',0.8242635,99,High
OA_04,L3',1.115536,95,Low
OA_05,L3',1.0240345,97,Low
OA_06,L3',1.373463,88,Low
OA_07,L3',1.0822715,97,High
OA_08,L3',0.76605,100,Low
OA_09,L3',1.0988805,94,High
OA_10,L3',0.9990385,99,High
OA_11,L3',0.8742035,97,Low
OA_12,L3',1.157125,97,High
OA_13,L3',1.023997,98,Low
OA_14,L3',0.849232,99,High
OA_15,L3',1.237725,99,Low
OA_16,L3',0.932419,95,High
OA_17,L3',0.999069,98,Low
OA_18,L3',1.024152,99,High
OA_19,L3',0.7993325,99,Low
OA_20,L3',0.799375,98,High
OA_21,L3',0.8991855,93,Low
OA_22,L3',0.616466,100,High
OA_23,L3',0.9158225,94,High
OA_24,L3',1.0822465,98,High
OA_25,L3',1.082228,99,High
OA_26,L3',1.3485955,95,Low
OA_27,L3',1.245479,95,High
OA_28,L3',1.2571035,98,Low
OA_29,L3',0.7577285,97,High
OA_30,L3',0.907464,97,Low
OA_01,L5',1.0656,86,Low
OA_02,L5',0.9491145,92,Low
OA_03,L5',1.057233,97,High
OA_04,L5',1.198794,88,Low
OA_05,L5',1.10722,89,Low
OA_06,L5',1.789553,85,Low
OA_07,L5',1.1155175,95,High
OA_08,L5',0.8825745,97,Low
OA_09,L5',1.3652005,96,High
OA_10,L5',1.06558,97,High
OA_11,L5',0.865884,96,Low
OA_12,L5',1.232111,94,High
OA_13,L5',1.2070665,94,Low
OA_14,L5',0.957409,96,High
OA_15,L5',1.397601,95,Low
OA_16,L5',1.032469,95,High
OA_17,L5',1.0822495,99,Low
OA_18,L5',1.065708,96,High
OA_19,L5',0.865741,98,Low
OA_20,L5',0.907468,95,High
OA_21,L5',1.0489745,93,Low
OA_22,L5',0.6995095,99,High
OA_23,L5',0.9491615,96,High
OA_24,L5',1.2323155,93,High
OA_25,L5',1.140713,96,High
OA_26,L5',1.556622,80,Low
OA_27,L5',1.4832745,98,High
OA_28,L5',1.448391,97,Low
OA_29,L5',0.8825135,97,High
OA_30,L5',1.0655975,91,Low